name,domains,skills,paid,duration,role,location,mode,prerequisites,stipend,other
AI Nexus Research,Cybersecurity,"Burp Suite, Networking, OWASP Top 10, Python",Yes,6 months,Security Analyst Intern,Delhi,remote,Strong fundamentals in Cybersecurity and willingness to learn.,₹23674 /month,Team outings and hackathon-style sprints.
OrbitSoft,Business Analytics,"Excel, SQL, Tableau, Power BI",Yes,6 months,Analytics Intern,Noida,remote,Good communication skills and ability to work in a team.,₹20995 /month,Certificate and Letter of Recommendation.
BlueSky Digital,AI & Robotics,"ROS, Python, OpenCV, Embedded Systems",Yes,3 months,AI Research Intern,Delhi,hybrid,"Comfortable with ROS, Python, OpenCV, Embedded Systems and basic problem solving.",₹14020 /month,Certificate and Letter of Recommendation.
GreenStack Innovations,AI & Robotics,"Python, OpenCV, Embedded Systems, ROS",Yes,4–6 months,AI Research Intern,Noida,onsite,Good communication skills and ability to work in a team.,₹11511 /month,Certificate and Letter of Recommendation.
PixelCraft Studios,Web Development,"Node.js, CSS, HTML, REST APIs",No,6 months,Full-Stack Web Intern,Delhi,remote,"Comfortable with Node.js, CSS, HTML, REST APIs and basic problem solving.",₹0 /month,Certificate and Letter of Recommendation.
OrbitSoft,UI/UX,"Figma, Wireframing, Prototyping, User Research",Yes,2 months,UI/UX Design Intern,Hyderabad,onsite,Strong fundamentals in UI/UX and willingness to learn.,₹4732 /month,Flexible working hours and remote-friendly culture.
HealthSync Systems,Web Development,"CSS, REST APIs, JavaScript, HTML",Yes,3 months,Frontend Web Intern,Delhi,onsite,College projects or mini-projects in related areas is a plus.,₹16925 /month,Team outings and hackathon-style sprints.
CloudNova Tech,AI & Robotics,"ROS, Python, OpenCV, Embedded Systems",Yes,2 months,Robotics Intern,Delhi,onsite,Strong fundamentals in AI & Robotics and willingness to learn.,₹4846 /month,Team outings and hackathon-style sprints.
MarketPulse Insights,Cloud Computing,"AWS, CI/CD, Docker, Kubernetes",Yes,6 months,Cloud Engineer Intern,Bengaluru,onsite,"Comfortable with AWS, CI/CD, Docker, Kubernetes and basic problem solving.",₹18574 /month,Opportunity to work on live client projects.
MarketPulse Insights,Business Analytics,"Storytelling, SQL, Power BI, Excel",No,3 months,Analytics Intern,Noida,onsite,College projects or mini-projects in related areas is a plus.,₹0 /month,Opportunity to work on live client projects.
CloudNova Tech,Mobile Development,"REST APIs, Dart, Firebase, Flutter",Yes,3 months,Flutter Developer Intern,Kochi,onsite,Basic understanding of industry tools used in Mobile Development.,₹18242 /month,Certificate and Letter of Recommendation.
PixelCraft Studios,AI & Robotics,"Python, OpenCV, Embedded Systems, ROS",Yes,2 months,Robotics Intern,Delhi,hybrid,Basic understanding of industry tools used in AI & Robotics.,₹5458 /month,Team outings and hackathon-style sprints.
BrightPath Solutions,DevOps,"CI/CD, GitHub Actions, Docker, Kubernetes",Yes,4–6 months,SRE Intern,Chennai,hybrid,Strong fundamentals in DevOps and willingness to learn.,₹16460 /month,Flexible working hours and remote-friendly culture.
DataForge Labs,Data Science,"Pandas, NumPy, Power BI, SQL",Yes,3 months,Data Analyst Intern,Hyderabad,remote,Good communication skills and ability to work in a team.,₹4480 /month,Team outings and hackathon-style sprints.
CloudNova Tech,AI & Robotics,"ROS, OpenCV, Embedded Systems, Python",Yes,3 months,AI Research Intern,Remote,hybrid,Strong fundamentals in AI & Robotics and willingness to learn.,₹7301 /month,Flexible working hours and remote-friendly culture.
OrbitSoft,AI & Robotics,"Python, Embedded Systems, ROS, OpenCV",Yes,6 months,AI Research Intern,Pune,hybrid,Strong fundamentals in AI & Robotics and willingness to learn.,₹3666 /month,Access to internal learning resources and workshops.
BlueSky Digital,Web Development,"CSS, REST APIs, React, JavaScript",Yes,4–6 months,Frontend Web Intern,Bengaluru,onsite,College projects or mini-projects in related areas is a plus.,₹19261 /month,Flexible working hours and remote-friendly culture.
SecureGate Cyber,Data Science,"Pandas, Scikit-Learn, Power BI, Python",Yes,2 months,Data Analyst Intern,Noida,hybrid,Strong fundamentals in Data Science and willingness to learn.,₹7010 /month,Flexible working hours and remote-friendly culture.
OrbitSoft,Machine Learning,"PyTorch, Scikit-Learn, MLflow, TensorFlow",Yes,4–6 months,ML Engineer Intern,Kochi,remote,Good communication skills and ability to work in a team.,₹5541 /month,Flexible working hours and remote-friendly culture.
OrbitSoft,Cloud Computing,"Kubernetes, Linux, Docker, AWS",Yes,6 months,Cloud Engineer Intern,Remote,remote,College projects or mini-projects in related areas is a plus.,₹4988 /month,1:1 mentorship from industry professionals.
GreenStack Innovations,Machine Learning,"Scikit-Learn, PyTorch, MLflow, TensorFlow",Yes,2 months,ML Engineer Intern,Bengaluru,remote,Basic understanding of industry tools used in Machine Learning.,₹13366 /month,Opportunity to work on live client projects.
AI Nexus Research,Cybersecurity,"Networking, Kali Linux, OWASP Top 10, Burp Suite",Yes,3 months,Cybersecurity Intern,Kochi,hybrid,Basic understanding of industry tools used in Cybersecurity.,₹21817 /month,1:1 mentorship from industry professionals.
MarketPulse Insights,UI/UX,"Figma, Prototyping, Wireframing, User Research",No,6 months,UI/UX Design Intern,Kochi,onsite,College projects or mini-projects in related areas is a plus.,₹0 /month,Access to internal learning resources and workshops.
WebWorks Studio,Cybersecurity,"Kali Linux, Python, Networking, OWASP Top 10",Yes,6 months,Security Analyst Intern,Mumbai,remote,Good communication skills and ability to work in a team.,₹11647 /month,1:1 mentorship from industry professionals.
MarketPulse Insights,Web Development,"CSS, JavaScript, Node.js, REST APIs",Yes,4–6 months,Full-Stack Web Intern,Pune,hybrid,College projects or mini-projects in related areas is a plus.,₹17613 /month,1:1 mentorship from industry professionals.
NeuroGrid AI,Data Science,"NumPy, Scikit-Learn, Power BI, SQL",Yes,3 months,Data Science Intern,Coimbatore,onsite,College projects or mini-projects in related areas is a plus.,₹5947 /month,Certificate and Letter of Recommendation.
NeuroGrid AI,Cloud Computing,"CI/CD, AWS, Kubernetes, Docker",No,2 months,Cloud Engineer Intern,Noida,hybrid,Basic understanding of industry tools used in Cloud Computing.,₹0 /month,Access to internal learning resources and workshops.
SecureGate Cyber,Cloud Computing,"Docker, CI/CD, AWS, Linux",Yes,2 months,Cloud Engineer Intern,Chennai,onsite,Basic understanding of industry tools used in Cloud Computing.,₹23851 /month,Opportunity to work on live client projects.
WebWorks Studio,Business Analytics,"SQL, Power BI, Storytelling, Tableau",Yes,4–6 months,Business Analyst Intern,Chennai,hybrid,Basic understanding of industry tools used in Business Analytics.,₹6537 /month,Team outings and hackathon-style sprints.
CloudNova Tech,Mobile Development,"Android, Firebase, Dart, REST APIs",Yes,4–6 months,Flutter Developer Intern,Pune,remote,Strong fundamentals in Mobile Development and willingness to learn.,₹4376 /month,Certificate and Letter of Recommendation.
PixelCraft Studios,Cybersecurity,"OWASP Top 10, Python, Networking, Burp Suite",Yes,6 months,Cybersecurity Intern,Coimbatore,onsite,Strong fundamentals in Cybersecurity and willingness to learn.,₹11658 /month,Access to internal learning resources and workshops.
BrightPath Solutions,DevOps,"Docker, Linux, GitHub Actions, CI/CD",Yes,2 months,SRE Intern,Kochi,onsite,Strong fundamentals in DevOps and willingness to learn.,₹4374 /month,Opportunity to work on live client projects.
WebWorks Studio,Cybersecurity,"Kali Linux, Python, Networking, OWASP Top 10",Yes,3 months,Security Analyst Intern,Hyderabad,remote,Good communication skills and ability to work in a team.,₹20158 /month,Certificate and Letter of Recommendation.
GreenStack Innovations,Web Development,"Node.js, REST APIs, React, JavaScript",Yes,6 months,Frontend Web Intern,Noida,onsite,Strong fundamentals in Web Development and willingness to learn.,₹3650 /month,1:1 mentorship from industry professionals.
FinTrack Analytics,Cloud Computing,"CI/CD, AWS, Linux, Kubernetes",No,2 months,Cloud Engineer Intern,Chennai,remote,Strong fundamentals in Cloud Computing and willingness to learn.,₹0 /month,Opportunity to work on live client projects.
BlueSky Digital,Mobile Development,"REST APIs, Flutter, Android, Firebase",Yes,4–6 months,Mobile App Intern,Remote,onsite,Basic understanding of industry tools used in Mobile Development.,₹6170 /month,Chance for Pre-Placement Offer (PPO) based on performance.
DataForge Labs,Mobile Development,"Flutter, REST APIs, Firebase, Android",Yes,3 months,Mobile App Intern,Pune,onsite,Strong fundamentals in Mobile Development and willingness to learn.,₹13110 /month,Chance for Pre-Placement Offer (PPO) based on performance.
PixelCraft Studios,AI & Robotics,"OpenCV, Embedded Systems, ROS, Python",Yes,3 months,Robotics Intern,Delhi,hybrid,Good communication skills and ability to work in a team.,₹5312 /month,1:1 mentorship from industry professionals.
CyberMatrix Security,Mobile Development,"REST APIs, Android, Firebase, Flutter",Yes,4–6 months,Mobile App Intern,Bengaluru,hybrid,College projects or mini-projects in related areas is a plus.,₹22276 /month,Opportunity to work on live client projects.
FinTrack Analytics,Web Development,"CSS, REST APIs, HTML, JavaScript",Yes,6 months,Frontend Web Intern,Remote,hybrid,Good communication skills and ability to work in a team.,₹13311 /month,Team outings and hackathon-style sprints.
FinTrack Analytics,Data Science,"Scikit-Learn, Power BI, SQL, NumPy",Yes,2 months,Data Science Intern,Kochi,onsite,College projects or mini-projects in related areas is a plus.,₹7490 /month,Team outings and hackathon-style sprints.
HealthSync Systems,Cloud Computing,"CI/CD, Linux, AWS, Docker",Yes,6 months,Cloud Intern,Remote,onsite,Strong fundamentals in Cloud Computing and willingness to learn.,₹12470 /month,Opportunity to work on live client projects.
WebWorks Studio,Business Analytics,"SQL, Tableau, Excel, Power BI",Yes,4–6 months,Business Analyst Intern,Coimbatore,hybrid,"Comfortable with SQL, Tableau, Excel, Power BI and basic problem solving.",₹7592 /month,1:1 mentorship from industry professionals.
FinTrack Analytics,Web Development,"HTML, REST APIs, CSS, Node.js",Yes,6 months,Full-Stack Web Intern,Noida,hybrid,Strong fundamentals in Web Development and willingness to learn.,₹16941 /month,1:1 mentorship from industry professionals.
DataForge Labs,Cybersecurity,"OWASP Top 10, Burp Suite, Kali Linux, Networking",Yes,4–6 months,Security Analyst Intern,Bengaluru,remote,Basic understanding of industry tools used in Cybersecurity.,₹3909 /month,Certificate and Letter of Recommendation.
CyberMatrix Security,Cloud Computing,"Linux, Kubernetes, Docker, CI/CD",Yes,4–6 months,Cloud Intern,Pune,hybrid,College projects or mini-projects in related areas is a plus.,₹22507 /month,Access to internal learning resources and workshops.
PixelCraft Studios,DevOps,"Docker, Kubernetes, Linux, CI/CD",Yes,6 months,DevOps Intern,Kochi,remote,College projects or mini-projects in related areas is a plus.,₹4843 /month,Certificate and Letter of Recommendation.
NeuroGrid AI,AI & Robotics,"Python, OpenCV, Embedded Systems, ROS",Yes,2 months,AI Research Intern,Chennai,remote,"Comfortable with Python, OpenCV, Embedded Systems, ROS and basic problem solving.",₹7188 /month,1:1 mentorship from industry professionals.
NeuroGrid AI,AI & Robotics,"Embedded Systems, OpenCV, ROS, Python",Yes,4–6 months,Robotics Intern,Chennai,onsite,College projects or mini-projects in related areas is a plus.,₹14529 /month,1:1 mentorship from industry professionals.
BlueSky Digital,Data Science,"Pandas, Scikit-Learn, SQL, Python",Yes,4–6 months,Data Science Intern,Delhi,remote,Basic understanding of industry tools used in Data Science.,₹16161 /month,Chance for Pre-Placement Offer (PPO) based on performance.
SecureGate Cyber,Cloud Computing,"Linux, Docker, AWS, Kubernetes",No,2 months,Cloud Engineer Intern,Hyderabad,onsite,Basic understanding of industry tools used in Cloud Computing.,₹0 /month,Access to internal learning resources and workshops.
FinTrack Analytics,AI & Robotics,"ROS, OpenCV, Python, Embedded Systems",Yes,6 months,Robotics Intern,Chennai,remote,College projects or mini-projects in related areas is a plus.,₹5776 /month,Chance for Pre-Placement Offer (PPO) based on performance.
GreenStack Innovations,Business Analytics,"Power BI, Tableau, SQL, Excel",No,6 months,Business Analyst Intern,Chennai,hybrid,"Comfortable with Power BI, Tableau, SQL, Excel and basic problem solving.",₹0 /month,Chance for Pre-Placement Offer (PPO) based on performance.
NeuroGrid AI,Data Science,"Pandas, Power BI, NumPy, Python",Yes,4–6 months,Data Science Intern,Noida,remote,College projects or mini-projects in related areas is a plus.,₹9075 /month,Access to internal learning resources and workshops.
GreenStack Innovations,Business Analytics,"Tableau, Storytelling, Excel, SQL",Yes,6 months,Analytics Intern,Mumbai,remote,College projects or mini-projects in related areas is a plus.,₹20225 /month,1:1 mentorship from industry professionals.
SecureGate Cyber,UI/UX,"Prototyping, Figma, Wireframing, User Research",Yes,3 months,UI/UX Design Intern,Delhi,hybrid,College projects or mini-projects in related areas is a plus.,₹6872 /month,Team outings and hackathon-style sprints.
OrbitSoft,Cloud Computing,"CI/CD, Docker, Kubernetes, Linux",Yes,4–6 months,Cloud Engineer Intern,Pune,remote,Good communication skills and ability to work in a team.,₹10290 /month,Team outings and hackathon-style sprints.
OrbitSoft,Cloud Computing,"AWS, Docker, CI/CD, Linux",Yes,4–6 months,Cloud Engineer Intern,Mumbai,remote,"Comfortable with AWS, Docker, CI/CD, Linux and basic problem solving.",₹7975 /month,Flexible working hours and remote-friendly culture.
MarketPulse Insights,DevOps,"Linux, Kubernetes, CI/CD, Docker",No,4–6 months,SRE Intern,Bengaluru,remote,Basic understanding of industry tools used in DevOps.,₹0 /month,Opportunity to work on live client projects.
OrbitSoft,Web Development,"Node.js, JavaScript, React, HTML",Yes,6 months,Frontend Web Intern,Remote,onsite,Strong fundamentals in Web Development and willingness to learn.,₹17618 /month,1:1 mentorship from industry professionals.
FinTrack Analytics,Cloud Computing,"Kubernetes, CI/CD, AWS, Linux",Yes,6 months,Cloud Engineer Intern,Hyderabad,hybrid,Good communication skills and ability to work in a team.,₹23723 /month,Flexible working hours and remote-friendly culture.
SecureGate Cyber,Web Development,"Node.js, REST APIs, JavaScript, HTML",Yes,3 months,Full-Stack Web Intern,Mumbai,remote,"Comfortable with Node.js, REST APIs, JavaScript, HTML and basic problem solving.",₹4793 /month,Team outings and hackathon-style sprints.
BlueSky Digital,Machine Learning,"Scikit-Learn, Python, MLflow, PyTorch",Yes,6 months,ML Engineer Intern,Mumbai,hybrid,Good communication skills and ability to work in a team.,₹4545 /month,Certificate and Letter of Recommendation.
HealthSync Systems,Cloud Computing,"Kubernetes, CI/CD, AWS, Docker",Yes,3 months,Cloud Engineer Intern,Mumbai,onsite,Good communication skills and ability to work in a team.,₹17176 /month,Team outings and hackathon-style sprints.
PixelCraft Studios,Machine Learning,"Python, Scikit-Learn, TensorFlow, PyTorch",Yes,3 months,ML Engineer Intern,Coimbatore,onsite,College projects or mini-projects in related areas is a plus.,₹7299 /month,Access to internal learning resources and workshops.
BrightPath Solutions,Cloud Computing,"AWS, CI/CD, Linux, Kubernetes",Yes,3 months,Cloud Intern,Mumbai,remote,"Comfortable with AWS, CI/CD, Linux, Kubernetes and basic problem solving.",₹6110 /month,Team outings and hackathon-style sprints.
MarketPulse Insights,Cloud Computing,"Linux, Kubernetes, AWS, Docker",Yes,2 months,Cloud Engineer Intern,Coimbatore,hybrid,Strong fundamentals in Cloud Computing and willingness to learn.,₹4619 /month,Certificate and Letter of Recommendation.
CyberMatrix Security,Web Development,"React, CSS, REST APIs, HTML",Yes,4–6 months,Frontend Web Intern,Coimbatore,onsite,Strong fundamentals in Web Development and willingness to learn.,₹4265 /month,Chance for Pre-Placement Offer (PPO) based on performance.
FinTrack Analytics,DevOps,"Kubernetes, GitHub Actions, CI/CD, Docker",Yes,3 months,SRE Intern,Remote,onsite,Good communication skills and ability to work in a team.,₹3735 /month,1:1 mentorship from industry professionals.
CyberMatrix Security,Machine Learning,"Python, MLflow, Scikit-Learn, PyTorch",Yes,3 months,ML Engineer Intern,Pune,hybrid,Good communication skills and ability to work in a team.,₹24545 /month,1:1 mentorship from industry professionals.
NeuroGrid AI,Cybersecurity,"Networking, Kali Linux, OWASP Top 10, Python",Yes,6 months,Cybersecurity Intern,Delhi,onsite,College projects or mini-projects in related areas is a plus.,₹23626 /month,Certificate and Letter of Recommendation.
MarketPulse Insights,Web Development,"HTML, React, REST APIs, JavaScript",Yes,4–6 months,Full-Stack Web Intern,Chennai,hybrid,Basic understanding of industry tools used in Web Development.,₹22784 /month,Chance for Pre-Placement Offer (PPO) based on performance.
HealthSync Systems,UI/UX,"Prototyping, Figma, User Research, Wireframing",Yes,4–6 months,UI/UX Design Intern,Chennai,hybrid,"Comfortable with Prototyping, Figma, User Research, Wireframing and basic problem solving.",₹5576 /month,Certificate and Letter of Recommendation.
WebWorks Studio,Data Science,"Pandas, NumPy, Python, SQL",Yes,2 months,Data Science Intern,Remote,hybrid,Strong fundamentals in Data Science and willingness to learn.,₹12800 /month,Access to internal learning resources and workshops.
BlueSky Digital,AI & Robotics,"Embedded Systems, Python, OpenCV, ROS",Yes,4–6 months,Robotics Intern,Kochi,remote,"Comfortable with Embedded Systems, Python, OpenCV, ROS and basic problem solving.",₹6493 /month,1:1 mentorship from industry professionals.
OrbitSoft,DevOps,"GitHub Actions, Linux, Kubernetes, Docker",Yes,2 months,DevOps Intern,Coimbatore,remote,Strong fundamentals in DevOps and willingness to learn.,₹7161 /month,Access to internal learning resources and workshops.
GreenStack Innovations,Cybersecurity,"Kali Linux, OWASP Top 10, Burp Suite, Networking",Yes,2 months,Cybersecurity Intern,Hyderabad,remote,"Comfortable with Kali Linux, OWASP Top 10, Burp Suite, Networking and basic problem solving.",₹5310 /month,Chance for Pre-Placement Offer (PPO) based on performance.
AI Nexus Research,Business Analytics,"Excel, Power BI, Tableau, Storytelling",Yes,6 months,Business Analyst Intern,Pune,remote,Basic understanding of industry tools used in Business Analytics.,₹8450 /month,Certificate and Letter of Recommendation.
DataForge Labs,Cloud Computing,"AWS, Docker, Kubernetes, CI/CD",Yes,4–6 months,Cloud Intern,Remote,onsite,"Comfortable with AWS, Docker, Kubernetes, CI/CD and basic problem solving.",₹7248 /month,Team outings and hackathon-style sprints.
BrightPath Solutions,AI & Robotics,"OpenCV, Python, ROS, Embedded Systems",Yes,2 months,AI Research Intern,Remote,hybrid,Good communication skills and ability to work in a team.,₹12996 /month,Access to internal learning resources and workshops.
MarketPulse Insights,Data Science,"NumPy, Python, SQL, Pandas",Yes,4–6 months,Data Analyst Intern,Coimbatore,remote,"Comfortable with NumPy, Python, SQL, Pandas and basic problem solving.",₹24715 /month,1:1 mentorship from industry professionals.
BlueSky Digital,AI & Robotics,"Python, OpenCV, Embedded Systems, ROS",Yes,2 months,Robotics Intern,Chennai,onsite,Strong fundamentals in AI & Robotics and willingness to learn.,₹9050 /month,Access to internal learning resources and workshops.
SecureGate Cyber,Data Science,"Power BI, Scikit-Learn, Python, SQL",Yes,4–6 months,Data Analyst Intern,Delhi,remote,Good communication skills and ability to work in a team.,₹13801 /month,Chance for Pre-Placement Offer (PPO) based on performance.
BrightPath Solutions,Cloud Computing,"Kubernetes, AWS, CI/CD, Docker",Yes,6 months,Cloud Intern,Noida,onsite,Strong fundamentals in Cloud Computing and willingness to learn.,₹6638 /month,Team outings and hackathon-style sprints.
FinTrack Analytics,UI/UX,"User Research, Wireframing, Figma, Prototyping",No,4–6 months,UI/UX Design Intern,Delhi,remote,Basic understanding of industry tools used in UI/UX.,₹0 /month,Chance for Pre-Placement Offer (PPO) based on performance.
HealthSync Systems,AI & Robotics,"OpenCV, Python, Embedded Systems, ROS",Yes,4–6 months,AI Research Intern,Hyderabad,onsite,College projects or mini-projects in related areas is a plus.,₹14175 /month,1:1 mentorship from industry professionals.
FinTrack Analytics,Business Analytics,"SQL, Power BI, Tableau, Storytelling",Yes,3 months,Business Analyst Intern,Chennai,remote,Basic understanding of industry tools used in Business Analytics.,₹3024 /month,1:1 mentorship from industry professionals.
DataForge Labs,Cloud Computing,"Docker, CI/CD, AWS, Linux",No,4–6 months,Cloud Intern,Remote,hybrid,Basic understanding of industry tools used in Cloud Computing.,₹0 /month,1:1 mentorship from industry professionals.
MarketPulse Insights,Data Science,"SQL, NumPy, Scikit-Learn, Python",Yes,6 months,Data Science Intern,Chennai,remote,"Comfortable with SQL, NumPy, Scikit-Learn, Python and basic problem solving.",₹7785 /month,1:1 mentorship from industry professionals.
PixelCraft Studios,UI/UX,"Figma, Prototyping, Wireframing, User Research",Yes,3 months,UI/UX Design Intern,Mumbai,remote,Strong fundamentals in UI/UX and willingness to learn.,₹3191 /month,Chance for Pre-Placement Offer (PPO) based on performance.
BlueSky Digital,Data Science,"SQL, Pandas, Scikit-Learn, NumPy",Yes,6 months,Data Analyst Intern,Coimbatore,onsite,Good communication skills and ability to work in a team.,₹7793 /month,1:1 mentorship from industry professionals.
FinTrack Analytics,DevOps,"CI/CD, Kubernetes, GitHub Actions, Linux",Yes,3 months,SRE Intern,Delhi,remote,College projects or mini-projects in related areas is a plus.,₹3205 /month,Certificate and Letter of Recommendation.
HealthSync Systems,Machine Learning,"TensorFlow, MLflow, PyTorch, Python",No,3 months,ML Engineer Intern,Delhi,remote,Strong fundamentals in Machine Learning and willingness to learn.,₹0 /month,Opportunity to work on live client projects.
BrightPath Solutions,Machine Learning,"Scikit-Learn, MLflow, TensorFlow, PyTorch",Yes,6 months,ML Engineer Intern,Kochi,onsite,Basic understanding of industry tools used in Machine Learning.,₹4928 /month,Access to internal learning resources and workshops.
SecureGate Cyber,Business Analytics,"Tableau, SQL, Power BI, Excel",No,6 months,Analytics Intern,Pune,onsite,Good communication skills and ability to work in a team.,₹0 /month,Certificate and Letter of Recommendation.
MarketPulse Insights,DevOps,"CI/CD, Kubernetes, Linux, Docker",No,6 months,DevOps Intern,Delhi,onsite,Good communication skills and ability to work in a team.,₹0 /month,Chance for Pre-Placement Offer (PPO) based on performance.
BlueSky Digital,DevOps,"CI/CD, Docker, GitHub Actions, Linux",Yes,2 months,SRE Intern,Bengaluru,hybrid,Strong fundamentals in DevOps and willingness to learn.,₹3005 /month,Chance for Pre-Placement Offer (PPO) based on performance.
GreenStack Innovations,AI & Robotics,"OpenCV, Embedded Systems, ROS, Python",Yes,3 months,AI Research Intern,Kochi,onsite,"Comfortable with OpenCV, Embedded Systems, ROS, Python and basic problem solving.",₹22149 /month,Flexible working hours and remote-friendly culture.
BlueSky Digital,Business Analytics,"Storytelling, Excel, Tableau, SQL",Yes,6 months,Business Analyst Intern,Noida,remote,Good communication skills and ability to work in a team.,₹8970 /month,Chance for Pre-Placement Offer (PPO) based on performance.
DataForge Labs,Cloud Computing,"AWS, Kubernetes, Docker, Linux",Yes,4–6 months,Cloud Engineer Intern,Pune,onsite,"Comfortable with AWS, Kubernetes, Docker, Linux and basic problem solving.",₹11405 /month,Opportunity to work on live client projects.
BrightPath Solutions,AI & Robotics,"OpenCV, Embedded Systems, ROS, Python",Yes,3 months,AI Research Intern,Kochi,remote,"Comfortable with OpenCV, Embedded Systems, ROS, Python and basic problem solving.",₹14132 /month,Team outings and hackathon-style sprints.
GreenStack Innovations,AI & Robotics,"OpenCV, Embedded Systems, ROS, Python",Yes,4–6 months,AI Research Intern,Mumbai,remote,Good communication skills and ability to work in a team.,₹14741 /month,1:1 mentorship from industry professionals.
HealthSync Systems,DevOps,"Linux, GitHub Actions, CI/CD, Docker",Yes,6 months,SRE Intern,Bengaluru,onsite,Basic understanding of industry tools used in DevOps.,₹18893 /month,Access to internal learning resources and workshops.
CloudNova Tech,Data Science,"Pandas, Python, NumPy, Power BI",No,6 months,Data Analyst Intern,Bengaluru,hybrid,"Comfortable with Pandas, Python, NumPy, Power BI and basic problem solving.",₹0 /month,Flexible working hours and remote-friendly culture.
MarketPulse Insights,Business Analytics,"Power BI, Tableau, Excel, SQL",Yes,4–6 months,Business Analyst Intern,Pune,hybrid,Good communication skills and ability to work in a team.,₹20287 /month,Team outings and hackathon-style sprints.
OrbitSoft,AI & Robotics,"Embedded Systems, Python, OpenCV, ROS",Yes,2 months,Robotics Intern,Hyderabad,remote,Basic understanding of industry tools used in AI & Robotics.,₹19339 /month,Chance for Pre-Placement Offer (PPO) based on performance.
OrbitSoft,UI/UX,"Figma, Wireframing, Prototyping, User Research",Yes,6 months,UI/UX Design Intern,Kochi,hybrid,Basic understanding of industry tools used in UI/UX.,₹3364 /month,1:1 mentorship from industry professionals.
AI Nexus Research,Cybersecurity,"Kali Linux, Networking, OWASP Top 10, Burp Suite",No,4–6 months,Cybersecurity Intern,Remote,hybrid,College projects or mini-projects in related areas is a plus.,₹0 /month,Access to internal learning resources and workshops.
FinTrack Analytics,Mobile Development,"Dart, Flutter, Android, REST APIs",No,4–6 months,Flutter Developer Intern,Pune,hybrid,Good communication skills and ability to work in a team.,₹0 /month,Flexible working hours and remote-friendly culture.
GreenStack Innovations,Machine Learning,"Python, PyTorch, Scikit-Learn, MLflow",Yes,3 months,ML Engineer Intern,Bengaluru,onsite,"Comfortable with Python, PyTorch, Scikit-Learn, MLflow and basic problem solving.",₹11438 /month,Opportunity to work on live client projects.
WebWorks Studio,DevOps,"GitHub Actions, Linux, Docker, CI/CD",No,2 months,SRE Intern,Remote,hybrid,"Comfortable with GitHub Actions, Linux, Docker, CI/CD and basic problem solving.",₹0 /month,Access to internal learning resources and workshops.
WebWorks Studio,Data Science,"NumPy, Power BI, Pandas, SQL",No,3 months,Data Analyst Intern,Pune,hybrid,Strong fundamentals in Data Science and willingness to learn.,₹0 /month,Flexible working hours and remote-friendly culture.
AI Nexus Research,Mobile Development,"Dart, REST APIs, Flutter, Android",Yes,6 months,Flutter Developer Intern,Coimbatore,onsite,"Comfortable with Dart, REST APIs, Flutter, Android and basic problem solving.",₹6992 /month,Access to internal learning resources and workshops.
BlueSky Digital,UI/UX,"Prototyping, Wireframing, User Research, Figma",Yes,3 months,UI/UX Design Intern,Chennai,onsite,Good communication skills and ability to work in a team.,₹16359 /month,Team outings and hackathon-style sprints.
NeuroGrid AI,AI & Robotics,"OpenCV, Embedded Systems, Python, ROS",No,6 months,Robotics Intern,Pune,onsite,College projects or mini-projects in related areas is a plus.,₹0 /month,Opportunity to work on live client projects.
MarketPulse Insights,DevOps,"Kubernetes, Linux, GitHub Actions, Docker",Yes,2 months,DevOps Intern,Delhi,remote,College projects or mini-projects in related areas is a plus.,₹4721 /month,Flexible working hours and remote-friendly culture.
BlueSky Digital,Cloud Computing,"Linux, Kubernetes, AWS, Docker",Yes,2 months,Cloud Engineer Intern,Coimbatore,onsite,College projects or mini-projects in related areas is a plus.,₹22667 /month,Chance for Pre-Placement Offer (PPO) based on performance.
BrightPath Solutions,Data Science,"NumPy, Power BI, Scikit-Learn, Pandas",Yes,2 months,Data Analyst Intern,Chennai,hybrid,Strong fundamentals in Data Science and willingness to learn.,₹6927 /month,1:1 mentorship from industry professionals.
NeuroGrid AI,AI & Robotics,"Embedded Systems, Python, ROS, OpenCV",No,2 months,Robotics Intern,Pune,onsite,Basic understanding of industry tools used in AI & Robotics.,₹0 /month,Opportunity to work on live client projects.
GreenStack Innovations,UI/UX,"Wireframing, User Research, Figma, Prototyping",No,2 months,UI/UX Design Intern,Coimbatore,remote,Good communication skills and ability to work in a team.,₹0 /month,Certificate and Letter of Recommendation.
FinTrack Analytics,Machine Learning,"Python, Scikit-Learn, MLflow, PyTorch",No,4–6 months,AI Intern,Coimbatore,hybrid,Good communication skills and ability to work in a team.,₹0 /month,Chance for Pre-Placement Offer (PPO) based on performance.
AI Nexus Research,Cybersecurity,"Networking, Burp Suite, Kali Linux, Python",Yes,3 months,Security Analyst Intern,Chennai,onsite,Strong fundamentals in Cybersecurity and willingness to learn.,₹7344 /month,Team outings and hackathon-style sprints.
WebWorks Studio,Data Science,"Scikit-Learn, Power BI, SQL, Python",Yes,4–6 months,Data Analyst Intern,Coimbatore,remote,Strong fundamentals in Data Science and willingness to learn.,₹14868 /month,Flexible working hours and remote-friendly culture.
CloudNova Tech,Business Analytics,"SQL, Tableau, Storytelling, Excel",Yes,3 months,Business Analyst Intern,Pune,remote,Strong fundamentals in Business Analytics and willingness to learn.,₹5098 /month,Access to internal learning resources and workshops.
WebWorks Studio,Web Development,"JavaScript, Node.js, HTML, React",No,3 months,Frontend Web Intern,Delhi,remote,Good communication skills and ability to work in a team.,₹0 /month,Access to internal learning resources and workshops.
BrightPath Solutions,Web Development,"JavaScript, React, REST APIs, Node.js",Yes,6 months,Full-Stack Web Intern,Kochi,onsite,"Comfortable with JavaScript, React, REST APIs, Node.js and basic problem solving.",₹3328 /month,Certificate and Letter of Recommendation.
GreenStack Innovations,UI/UX,"Wireframing, User Research, Prototyping, Figma",No,6 months,UI/UX Design Intern,Hyderabad,onsite,Basic understanding of industry tools used in UI/UX.,₹0 /month,Flexible working hours and remote-friendly culture.
DataForge Labs,DevOps,"Kubernetes, CI/CD, Linux, Docker",Yes,2 months,DevOps Intern,Hyderabad,hybrid,"Comfortable with Kubernetes, CI/CD, Linux, Docker and basic problem solving.",₹16064 /month,Chance for Pre-Placement Offer (PPO) based on performance.
PixelCraft Studios,Cloud Computing,"Linux, AWS, Kubernetes, Docker",Yes,6 months,Cloud Intern,Chennai,hybrid,Good communication skills and ability to work in a team.,₹24962 /month,Flexible working hours and remote-friendly culture.
BlueSky Digital,Cloud Computing,"AWS, Kubernetes, Docker, CI/CD",Yes,3 months,Cloud Intern,Mumbai,onsite,College projects or mini-projects in related areas is a plus.,₹4242 /month,Certificate and Letter of Recommendation.
BlueSky Digital,Business Analytics,"SQL, Tableau, Excel, Storytelling",Yes,4–6 months,Business Analyst Intern,Noida,onsite,"Comfortable with SQL, Tableau, Excel, Storytelling and basic problem solving.",₹3236 /month,Flexible working hours and remote-friendly culture.
GreenStack Innovations,Machine Learning,"Scikit-Learn, TensorFlow, MLflow, Python",Yes,6 months,ML Engineer Intern,Hyderabad,remote,Good communication skills and ability to work in a team.,₹17961 /month,Opportunity to work on live client projects.
BlueSky Digital,Cloud Computing,"Linux, CI/CD, AWS, Kubernetes",Yes,2 months,Cloud Engineer Intern,Chennai,hybrid,Good communication skills and ability to work in a team.,₹9311 /month,Opportunity to work on live client projects.
BrightPath Solutions,AI & Robotics,"Embedded Systems, OpenCV, ROS, Python",Yes,6 months,AI Research Intern,Kochi,remote,College projects or mini-projects in related areas is a plus.,₹3703 /month,1:1 mentorship from industry professionals.
GreenStack Innovations,UI/UX,"Wireframing, Prototyping, Figma, User Research",Yes,2 months,UI/UX Design Intern,Chennai,onsite,Basic understanding of industry tools used in UI/UX.,₹3497 /month,Opportunity to work on live client projects.
HealthSync Systems,DevOps,"Linux, GitHub Actions, Docker, CI/CD",Yes,6 months,DevOps Intern,Pune,remote,Good communication skills and ability to work in a team.,₹15920 /month,Opportunity to work on live client projects.
BlueSky Digital,Data Science,"Python, Scikit-Learn, NumPy, Power BI",Yes,6 months,Data Analyst Intern,Kochi,remote,Good communication skills and ability to work in a team.,₹4558 /month,Flexible working hours and remote-friendly culture.
MarketPulse Insights,AI & Robotics,"Python, OpenCV, ROS, Embedded Systems",No,3 months,AI Research Intern,Remote,onsite,Strong fundamentals in AI & Robotics and willingness to learn.,₹0 /month,Team outings and hackathon-style sprints.
SecureGate Cyber,DevOps,"Docker, Linux, Kubernetes, GitHub Actions",Yes,6 months,DevOps Intern,Remote,remote,"Comfortable with Docker, Linux, Kubernetes, GitHub Actions and basic problem solving.",₹17286 /month,Flexible working hours and remote-friendly culture.
FinTrack Analytics,Mobile Development,"Dart, Android, Flutter, Firebase",No,6 months,Mobile App Intern,Pune,hybrid,Strong fundamentals in Mobile Development and willingness to learn.,₹0 /month,Flexible working hours and remote-friendly culture.
FinTrack Analytics,Business Analytics,"Power BI, Excel, Tableau, SQL",Yes,3 months,Business Analyst Intern,Hyderabad,onsite,"Comfortable with Power BI, Excel, Tableau, SQL and basic problem solving.",₹24871 /month,Access to internal learning resources and workshops.
WebWorks Studio,Business Analytics,"Power BI, Storytelling, Excel, SQL",Yes,2 months,Analytics Intern,Chennai,remote,Good communication skills and ability to work in a team.,₹12891 /month,1:1 mentorship from industry professionals.
CyberMatrix Security,AI & Robotics,"ROS, Python, OpenCV, Embedded Systems",Yes,3 months,AI Research Intern,Delhi,remote,Basic understanding of industry tools used in AI & Robotics.,₹18491 /month,Flexible working hours and remote-friendly culture.
CyberMatrix Security,Machine Learning,"PyTorch, MLflow, Python, Scikit-Learn",Yes,4–6 months,ML Engineer Intern,Mumbai,remote,Strong fundamentals in Machine Learning and willingness to learn.,₹3028 /month,1:1 mentorship from industry professionals.
MarketPulse Insights,Mobile Development,"Android, Dart, REST APIs, Firebase",Yes,3 months,Mobile App Intern,Bengaluru,onsite,Good communication skills and ability to work in a team.,₹6326 /month,Opportunity to work on live client projects.
CyberMatrix Security,Cloud Computing,"CI/CD, Docker, Linux, AWS",No,6 months,Cloud Intern,Noida,remote,College projects or mini-projects in related areas is a plus.,₹0 /month,Team outings and hackathon-style sprints.
AI Nexus Research,Cloud Computing,"Kubernetes, AWS, Linux, CI/CD",No,2 months,Cloud Intern,Chennai,onsite,Basic understanding of industry tools used in Cloud Computing.,₹0 /month,Team outings and hackathon-style sprints.
OrbitSoft,Machine Learning,"PyTorch, MLflow, Python, TensorFlow",Yes,4–6 months,AI Intern,Kochi,onsite,College projects or mini-projects in related areas is a plus.,₹9937 /month,Chance for Pre-Placement Offer (PPO) based on performance.
DataForge Labs,AI & Robotics,"Embedded Systems, OpenCV, ROS, Python",Yes,3 months,AI Research Intern,Remote,hybrid,"Comfortable with Embedded Systems, OpenCV, ROS, Python and basic problem solving.",₹8894 /month,Opportunity to work on live client projects.
SecureGate Cyber,Cybersecurity,"Python, Burp Suite, Networking, Kali Linux",No,3 months,Security Analyst Intern,Remote,onsite,Basic understanding of industry tools used in Cybersecurity.,₹0 /month,Certificate and Letter of Recommendation.
GreenStack Innovations,AI & Robotics,"OpenCV, Embedded Systems, Python, ROS",Yes,4–6 months,AI Research Intern,Coimbatore,remote,Basic understanding of industry tools used in AI & Robotics.,₹17519 /month,Certificate and Letter of Recommendation.
DataForge Labs,Data Science,"Python, Pandas, Power BI, SQL",Yes,6 months,Data Science Intern,Mumbai,hybrid,Good communication skills and ability to work in a team.,₹7366 /month,Opportunity to work on live client projects.
BlueSky Digital,Business Analytics,"Excel, Tableau, Storytelling, Power BI",Yes,3 months,Analytics Intern,Mumbai,remote,Good communication skills and ability to work in a team.,₹4599 /month,Team outings and hackathon-style sprints.
BrightPath Solutions,Web Development,"REST APIs, Node.js, HTML, CSS",Yes,6 months,Full-Stack Web Intern,Pune,remote,Basic understanding of industry tools used in Web Development.,₹21107 /month,Flexible working hours and remote-friendly culture.
CloudNova Tech,UI/UX,"Prototyping, Wireframing, Figma, User Research",Yes,3 months,UI/UX Design Intern,Coimbatore,onsite,Good communication skills and ability to work in a team.,₹3248 /month,Access to internal learning resources and workshops.
HealthSync Systems,DevOps,"Docker, CI/CD, Kubernetes, GitHub Actions",Yes,4–6 months,SRE Intern,Chennai,remote,College projects or mini-projects in related areas is a plus.,₹3790 /month,Access to internal learning resources and workshops.
NeuroGrid AI,Mobile Development,"Android, REST APIs, Firebase, Flutter",Yes,6 months,Flutter Developer Intern,Kochi,hybrid,Good communication skills and ability to work in a team.,₹6980 /month,Access to internal learning resources and workshops.
AI Nexus Research,Mobile Development,"REST APIs, Flutter, Dart, Android",Yes,6 months,Mobile App Intern,Chennai,remote,Good communication skills and ability to work in a team.,₹14471 /month,Certificate and Letter of Recommendation.
HealthSync Systems,Cloud Computing,"CI/CD, Kubernetes, Docker, AWS",Yes,2 months,Cloud Engineer Intern,Remote,remote,"Comfortable with CI/CD, Kubernetes, Docker, AWS and basic problem solving.",₹17779 /month,Access to internal learning resources and workshops.
GreenStack Innovations,Mobile Development,"REST APIs, Dart, Android, Flutter",Yes,4–6 months,Flutter Developer Intern,Hyderabad,onsite,Strong fundamentals in Mobile Development and willingness to learn.,₹10766 /month,Team outings and hackathon-style sprints.
CloudNova Tech,Cybersecurity,"Networking, Kali Linux, Python, OWASP Top 10",Yes,2 months,Cybersecurity Intern,Noida,onsite,College projects or mini-projects in related areas is a plus.,₹19215 /month,1:1 mentorship from industry professionals.
FinTrack Analytics,Cloud Computing,"Linux, Kubernetes, CI/CD, AWS",Yes,3 months,Cloud Engineer Intern,Mumbai,hybrid,Good communication skills and ability to work in a team.,₹6941 /month,Certificate and Letter of Recommendation.
NeuroGrid AI,AI & Robotics,"ROS, Python, Embedded Systems, OpenCV",Yes,4–6 months,AI Research Intern,Hyderabad,onsite,"Comfortable with ROS, Python, Embedded Systems, OpenCV and basic problem solving.",₹13106 /month,Chance for Pre-Placement Offer (PPO) based on performance.
HealthSync Systems,Machine Learning,"TensorFlow, MLflow, Scikit-Learn, Python",Yes,2 months,ML Engineer Intern,Hyderabad,remote,Good communication skills and ability to work in a team.,₹4220 /month,Certificate and Letter of Recommendation.
BrightPath Solutions,AI & Robotics,"OpenCV, Python, Embedded Systems, ROS",Yes,6 months,AI Research Intern,Noida,onsite,Good communication skills and ability to work in a team.,₹6990 /month,1:1 mentorship from industry professionals.
GreenStack Innovations,Machine Learning,"TensorFlow, PyTorch, MLflow, Python",No,2 months,ML Engineer Intern,Bengaluru,onsite,College projects or mini-projects in related areas is a plus.,₹0 /month,Opportunity to work on live client projects.
PixelCraft Studios,Mobile Development,"REST APIs, Flutter, Android, Firebase",Yes,6 months,Flutter Developer Intern,Noida,onsite,Good communication skills and ability to work in a team.,₹6123 /month,1:1 mentorship from industry professionals.
CyberMatrix Security,Mobile Development,"Android, Dart, REST APIs, Flutter",No,3 months,Mobile App Intern,Kochi,hybrid,"Comfortable with Android, Dart, REST APIs, Flutter and basic problem solving.",₹0 /month,Team outings and hackathon-style sprints.
HealthSync Systems,Web Development,"HTML, React, JavaScript, CSS",Yes,4–6 months,Full-Stack Web Intern,Kochi,onsite,Strong fundamentals in Web Development and willingness to learn.,₹19990 /month,Chance for Pre-Placement Offer (PPO) based on performance.
DataForge Labs,Machine Learning,"MLflow, PyTorch, Scikit-Learn, Python",Yes,6 months,ML Engineer Intern,Remote,hybrid,Basic understanding of industry tools used in Machine Learning.,₹12311 /month,1:1 mentorship from industry professionals.
BrightPath Solutions,AI & Robotics,"Embedded Systems, Python, ROS, OpenCV",Yes,3 months,Robotics Intern,Bengaluru,hybrid,"Comfortable with Embedded Systems, Python, ROS, OpenCV and basic problem solving.",₹10497 /month,Certificate and Letter of Recommendation.
BrightPath Solutions,Machine Learning,"MLflow, Python, TensorFlow, Scikit-Learn",Yes,3 months,ML Engineer Intern,Chennai,remote,"Comfortable with MLflow, Python, TensorFlow, Scikit-Learn and basic problem solving.",₹24187 /month,Team outings and hackathon-style sprints.
PixelCraft Studios,Machine Learning,"MLflow, Python, PyTorch, TensorFlow",Yes,3 months,ML Engineer Intern,Pune,hybrid,Strong fundamentals in Machine Learning and willingness to learn.,₹9828 /month,Certificate and Letter of Recommendation.
AI Nexus Research,Machine Learning,"MLflow, TensorFlow, PyTorch, Scikit-Learn",Yes,3 months,AI Intern,Coimbatore,hybrid,Basic understanding of industry tools used in Machine Learning.,₹11763 /month,Chance for Pre-Placement Offer (PPO) based on performance.
CyberMatrix Security,Machine Learning,"TensorFlow, Python, MLflow, PyTorch",Yes,2 months,ML Engineer Intern,Chennai,onsite,"Comfortable with TensorFlow, Python, MLflow, PyTorch and basic problem solving.",₹18022 /month,Flexible working hours and remote-friendly culture.
HealthSync Systems,Machine Learning,"TensorFlow, PyTorch, Scikit-Learn, Python",Yes,3 months,ML Engineer Intern,Chennai,onsite,"Comfortable with TensorFlow, PyTorch, Scikit-Learn, Python and basic problem solving.",₹5844 /month,Chance for Pre-Placement Offer (PPO) based on performance.
DataForge Labs,Cybersecurity,"Kali Linux, Python, OWASP Top 10, Networking",No,3 months,Cybersecurity Intern,Coimbatore,remote,Good communication skills and ability to work in a team.,₹0 /month,Team outings and hackathon-style sprints.
OrbitSoft,Mobile Development,"Firebase, REST APIs, Flutter, Android",Yes,2 months,Flutter Developer Intern,Bengaluru,hybrid,Basic understanding of industry tools used in Mobile Development.,₹23038 /month,Team outings and hackathon-style sprints.
HealthSync Systems,DevOps,"Linux, CI/CD, Docker, Kubernetes",Yes,6 months,DevOps Intern,Pune,onsite,Good communication skills and ability to work in a team.,₹3360 /month,Certificate and Letter of Recommendation.
BlueSky Digital,UI/UX,"Wireframing, Figma, User Research, Prototyping",No,3 months,UI/UX Design Intern,Remote,onsite,Good communication skills and ability to work in a team.,₹0 /month,Opportunity to work on live client projects.
SecureGate Cyber,DevOps,"Kubernetes, Docker, GitHub Actions, Linux",Yes,2 months,SRE Intern,Bengaluru,hybrid,Basic understanding of industry tools used in DevOps.,₹18220 /month,Flexible working hours and remote-friendly culture.
SecureGate Cyber,Data Science,"Scikit-Learn, Power BI, NumPy, Python",Yes,2 months,Data Science Intern,Mumbai,onsite,Strong fundamentals in Data Science and willingness to learn.,₹5530 /month,Flexible working hours and remote-friendly culture.
SecureGate Cyber,Cloud Computing,"AWS, Docker, Kubernetes, Linux",Yes,2 months,Cloud Engineer Intern,Mumbai,onsite,"Comfortable with AWS, Docker, Kubernetes, Linux and basic problem solving.",₹7547 /month,1:1 mentorship from industry professionals.
AI Nexus Research,DevOps,"Docker, Kubernetes, GitHub Actions, Linux",Yes,2 months,DevOps Intern,Chennai,onsite,"Comfortable with Docker, Kubernetes, GitHub Actions, Linux and basic problem solving.",₹4458 /month,Certificate and Letter of Recommendation.
NeuroGrid AI,UI/UX,"User Research, Wireframing, Prototyping, Figma",No,6 months,UI/UX Design Intern,Pune,remote,Strong fundamentals in UI/UX and willingness to learn.,₹0 /month,Flexible working hours and remote-friendly culture.
MarketPulse Insights,DevOps,"GitHub Actions, CI/CD, Docker, Kubernetes",Yes,2 months,DevOps Intern,Delhi,onsite,College projects or mini-projects in related areas is a plus.,₹20803 /month,Certificate and Letter of Recommendation.
SecureGate Cyber,Data Science,"NumPy, Scikit-Learn, Python, Pandas",Yes,4–6 months,Data Analyst Intern,Coimbatore,onsite,College projects or mini-projects in related areas is a plus.,₹6897 /month,Certificate and Letter of Recommendation.
DataForge Labs,Cybersecurity,"Burp Suite, Python, OWASP Top 10, Networking",Yes,3 months,Security Analyst Intern,Noida,hybrid,"Comfortable with Burp Suite, Python, OWASP Top 10, Networking and basic problem solving.",₹7906 /month,1:1 mentorship from industry professionals.
DataForge Labs,Data Science,"Scikit-Learn, Pandas, NumPy, SQL",No,4–6 months,Data Analyst Intern,Hyderabad,onsite,"Comfortable with Scikit-Learn, Pandas, NumPy, SQL and basic problem solving.",₹0 /month,Chance for Pre-Placement Offer (PPO) based on performance.
NeuroGrid AI,AI & Robotics,"Embedded Systems, OpenCV, ROS, Python",Yes,6 months,AI Research Intern,Coimbatore,onsite,College projects or mini-projects in related areas is a plus.,₹3785 /month,1:1 mentorship from industry professionals.
OrbitSoft,Business Analytics,"SQL, Storytelling, Excel, Power BI",Yes,3 months,Business Analyst Intern,Bengaluru,hybrid,College projects or mini-projects in related areas is a plus.,₹3712 /month,Certificate and Letter of Recommendation.
HealthSync Systems,Data Science,"NumPy, Power BI, Scikit-Learn, SQL",Yes,6 months,Data Analyst Intern,Mumbai,hybrid,College projects or mini-projects in related areas is a plus.,₹4162 /month,Flexible working hours and remote-friendly culture.
CloudNova Tech,Web Development,"CSS, React, REST APIs, HTML",Yes,2 months,Full-Stack Web Intern,Mumbai,onsite,"Comfortable with CSS, React, REST APIs, HTML and basic problem solving.",₹8270 /month,Access to internal learning resources and workshops.
AI Nexus Research,UI/UX,"Prototyping, Wireframing, Figma, User Research",Yes,6 months,UI/UX Design Intern,Pune,hybrid,Strong fundamentals in UI/UX and willingness to learn.,₹14060 /month,Opportunity to work on live client projects.
BrightPath Solutions,Cloud Computing,"CI/CD, Docker, AWS, Kubernetes",Yes,4–6 months,Cloud Intern,Delhi,hybrid,Basic understanding of industry tools used in Cloud Computing.,₹4756 /month,Team outings and hackathon-style sprints.
DataForge Labs,Web Development,"REST APIs, JavaScript, React, CSS",Yes,3 months,Full-Stack Web Intern,Bengaluru,remote,Strong fundamentals in Web Development and willingness to learn.,₹7711 /month,Certificate and Letter of Recommendation.
PixelCraft Studios,DevOps,"CI/CD, GitHub Actions, Kubernetes, Linux",Yes,3 months,SRE Intern,Noida,hybrid,Strong fundamentals in DevOps and willingness to learn.,₹3593 /month,Flexible working hours and remote-friendly culture.
GreenStack Innovations,UI/UX,"Prototyping, Figma, User Research, Wireframing",Yes,2 months,UI/UX Design Intern,Mumbai,remote,"Comfortable with Prototyping, Figma, User Research, Wireframing and basic problem solving.",₹24660 /month,Flexible working hours and remote-friendly culture.
PixelCraft Studios,UI/UX,"Wireframing, Figma, Prototyping, User Research",Yes,6 months,UI/UX Design Intern,Coimbatore,hybrid,Good communication skills and ability to work in a team.,₹13130 /month,Team outings and hackathon-style sprints.
AI Nexus Research,Machine Learning,"Python, TensorFlow, Scikit-Learn, PyTorch",Yes,6 months,AI Intern,Chennai,hybrid,Good communication skills and ability to work in a team.,₹6299 /month,Flexible working hours and remote-friendly culture.
PixelCraft Studios,Mobile Development,"Flutter, Dart, Android, REST APIs",No,2 months,Mobile App Intern,Noida,hybrid,Basic understanding of industry tools used in Mobile Development.,₹0 /month,1:1 mentorship from industry professionals.
NeuroGrid AI,Web Development,"CSS, Node.js, REST APIs, React",Yes,6 months,Frontend Web Intern,Delhi,onsite,Strong fundamentals in Web Development and willingness to learn.,₹9150 /month,Chance for Pre-Placement Offer (PPO) based on performance.
CloudNova Tech,Machine Learning,"PyTorch, MLflow, Scikit-Learn, Python",Yes,6 months,AI Intern,Noida,remote,Basic understanding of industry tools used in Machine Learning.,₹3447 /month,Team outings and hackathon-style sprints.
FinTrack Analytics,Mobile Development,"Dart, Android, Flutter, REST APIs",Yes,4–6 months,Mobile App Intern,Mumbai,remote,Good communication skills and ability to work in a team.,₹19898 /month,Certificate and Letter of Recommendation.
HealthSync Systems,Data Science,"Scikit-Learn, Power BI, SQL, Python",Yes,4–6 months,Data Science Intern,Pune,onsite,Good communication skills and ability to work in a team.,₹4680 /month,Access to internal learning resources and workshops.
FinTrack Analytics,Business Analytics,"Power BI, Excel, Tableau, SQL",Yes,3 months,Analytics Intern,Hyderabad,hybrid,Strong fundamentals in Business Analytics and willingness to learn.,₹3889 /month,Access to internal learning resources and workshops.
WebWorks Studio,UI/UX,"Wireframing, Figma, Prototyping, User Research",Yes,6 months,UI/UX Design Intern,Hyderabad,onsite,"Comfortable with Wireframing, Figma, Prototyping, User Research and basic problem solving.",₹12915 /month,Certificate and Letter of Recommendation.
CyberMatrix Security,DevOps,"Linux, GitHub Actions, Kubernetes, Docker",Yes,6 months,DevOps Intern,Remote,hybrid,Strong fundamentals in DevOps and willingness to learn.,₹4756 /month,1:1 mentorship from industry professionals.
GreenStack Innovations,Machine Learning,"PyTorch, Python, MLflow, TensorFlow",No,4–6 months,ML Engineer Intern,Delhi,hybrid,Strong fundamentals in Machine Learning and willingness to learn.,₹0 /month,1:1 mentorship from industry professionals.
BlueSky Digital,Data Science,"Pandas, Power BI, NumPy, Python",Yes,4–6 months,Data Analyst Intern,Coimbatore,hybrid,College projects or mini-projects in related areas is a plus.,₹4035 /month,1:1 mentorship from industry professionals.
SecureGate Cyber,Data Science,"SQL, Python, Scikit-Learn, NumPy",Yes,3 months,Data Science Intern,Remote,hybrid,Good communication skills and ability to work in a team.,₹3661 /month,Flexible working hours and remote-friendly culture.
AI Nexus Research,Machine Learning,"Python, Scikit-Learn, PyTorch, MLflow",Yes,4–6 months,AI Intern,Kochi,remote,"Comfortable with Python, Scikit-Learn, PyTorch, MLflow and basic problem solving.",₹5760 /month,Chance for Pre-Placement Offer (PPO) based on performance.
MarketPulse Insights,Cloud Computing,"Kubernetes, Linux, CI/CD, AWS",Yes,4–6 months,Cloud Intern,Coimbatore,hybrid,"Comfortable with Kubernetes, Linux, CI/CD, AWS and basic problem solving.",₹24200 /month,Certificate and Letter of Recommendation.
NeuroGrid AI,AI & Robotics,"Embedded Systems, Python, OpenCV, ROS",Yes,4–6 months,AI Research Intern,Hyderabad,hybrid,Basic understanding of industry tools used in AI & Robotics.,₹4006 /month,Certificate and Letter of Recommendation.
HealthSync Systems,UI/UX,"User Research, Wireframing, Prototyping, Figma",Yes,3 months,UI/UX Design Intern,Mumbai,hybrid,"Comfortable with User Research, Wireframing, Prototyping, Figma and basic problem solving.",₹4829 /month,1:1 mentorship from industry professionals.
CyberMatrix Security,Mobile Development,"Firebase, REST APIs, Flutter, Dart",Yes,4–6 months,Mobile App Intern,Delhi,hybrid,Basic understanding of industry tools used in Mobile Development.,₹4535 /month,1:1 mentorship from industry professionals.
HealthSync Systems,Web Development,"HTML, JavaScript, Node.js, CSS",No,6 months,Frontend Web Intern,Bengaluru,onsite,Basic understanding of industry tools used in Web Development.,₹0 /month,Opportunity to work on live client projects.
GreenStack Innovations,Machine Learning,"Python, TensorFlow, PyTorch, Scikit-Learn",Yes,2 months,AI Intern,Kochi,hybrid,"Comfortable with Python, TensorFlow, PyTorch, Scikit-Learn and basic problem solving.",₹4538 /month,Team outings and hackathon-style sprints.
HealthSync Systems,AI & Robotics,"OpenCV, ROS, Python, Embedded Systems",No,6 months,Robotics Intern,Bengaluru,hybrid,Good communication skills and ability to work in a team.,₹0 /month,Certificate and Letter of Recommendation.
AI Nexus Research,Cloud Computing,"Linux, CI/CD, Docker, AWS",Yes,3 months,Cloud Intern,Remote,onsite,Strong fundamentals in Cloud Computing and willingness to learn.,₹7801 /month,1:1 mentorship from industry professionals.
BlueSky Digital,Web Development,"HTML, React, JavaScript, Node.js",Yes,6 months,Frontend Web Intern,Delhi,hybrid,Good communication skills and ability to work in a team.,₹21626 /month,Chance for Pre-Placement Offer (PPO) based on performance.
BlueSky Digital,Machine Learning,"PyTorch, Python, TensorFlow, MLflow",Yes,6 months,ML Engineer Intern,Bengaluru,hybrid,"Comfortable with PyTorch, Python, TensorFlow, MLflow and basic problem solving.",₹21428 /month,Access to internal learning resources and workshops.
BlueSky Digital,Mobile Development,"Firebase, REST APIs, Dart, Flutter",Yes,2 months,Flutter Developer Intern,Kochi,onsite,College projects or mini-projects in related areas is a plus.,₹12528 /month,Flexible working hours and remote-friendly culture.
WebWorks Studio,UI/UX,"User Research, Figma, Wireframing, Prototyping",Yes,4–6 months,UI/UX Design Intern,Hyderabad,onsite,Good communication skills and ability to work in a team.,₹21507 /month,Opportunity to work on live client projects.
WebWorks Studio,Machine Learning,"TensorFlow, PyTorch, Python, Scikit-Learn",Yes,3 months,ML Engineer Intern,Kochi,onsite,Strong fundamentals in Machine Learning and willingness to learn.,₹24505 /month,Team outings and hackathon-style sprints.
FinTrack Analytics,Web Development,"HTML, Node.js, React, CSS",No,2 months,Full-Stack Web Intern,Kochi,remote,"Comfortable with HTML, Node.js, React, CSS and basic problem solving.",₹0 /month,Flexible working hours and remote-friendly culture.
AI Nexus Research,DevOps,"GitHub Actions, CI/CD, Kubernetes, Linux",Yes,4–6 months,SRE Intern,Chennai,hybrid,"Comfortable with GitHub Actions, CI/CD, Kubernetes, Linux and basic problem solving.",₹6841 /month,Certificate and Letter of Recommendation.
AI Nexus Research,Machine Learning,"PyTorch, TensorFlow, Scikit-Learn, MLflow",Yes,4–6 months,ML Engineer Intern,Noida,onsite,Basic understanding of industry tools used in Machine Learning.,₹11544 /month,Access to internal learning resources and workshops.
DataForge Labs,Cloud Computing,"CI/CD, Kubernetes, AWS, Docker",No,3 months,Cloud Engineer Intern,Kochi,hybrid,Strong fundamentals in Cloud Computing and willingness to learn.,₹0 /month,Flexible working hours and remote-friendly culture.
CyberMatrix Security,Cybersecurity,"Kali Linux, Python, Networking, OWASP Top 10",No,3 months,Security Analyst Intern,Coimbatore,onsite,Strong fundamentals in Cybersecurity and willingness to learn.,₹0 /month,Access to internal learning resources and workshops.
CyberMatrix Security,Web Development,"JavaScript, REST APIs, HTML, Node.js",Yes,2 months,Frontend Web Intern,Mumbai,hybrid,"Comfortable with JavaScript, REST APIs, HTML, Node.js and basic problem solving.",₹3770 /month,Team outings and hackathon-style sprints.
FinTrack Analytics,Cybersecurity,"OWASP Top 10, Burp Suite, Kali Linux, Networking",Yes,3 months,Security Analyst Intern,Pune,hybrid,College projects or mini-projects in related areas is a plus.,₹4490 /month,Opportunity to work on live client projects.
AI Nexus Research,Web Development,"HTML, React, JavaScript, Node.js",No,6 months,Frontend Web Intern,Kochi,onsite,Basic understanding of industry tools used in Web Development.,₹0 /month,1:1 mentorship from industry professionals.
FinTrack Analytics,UI/UX,"Wireframing, User Research, Prototyping, Figma",No,3 months,UI/UX Design Intern,Hyderabad,remote,College projects or mini-projects in related areas is a plus.,₹0 /month,Team outings and hackathon-style sprints.
SecureGate Cyber,DevOps,"Kubernetes, CI/CD, Docker, GitHub Actions",Yes,2 months,DevOps Intern,Pune,remote,Good communication skills and ability to work in a team.,₹6594 /month,Team outings and hackathon-style sprints.
DataForge Labs,Web Development,"CSS, Node.js, REST APIs, JavaScript",Yes,3 months,Frontend Web Intern,Mumbai,onsite,Good communication skills and ability to work in a team.,₹13013 /month,Chance for Pre-Placement Offer (PPO) based on performance.
CyberMatrix Security,AI & Robotics,"OpenCV, Python, Embedded Systems, ROS",Yes,2 months,AI Research Intern,Chennai,remote,Good communication skills and ability to work in a team.,₹10486 /month,Opportunity to work on live client projects.
HealthSync Systems,UI/UX,"Wireframing, User Research, Figma, Prototyping",Yes,2 months,UI/UX Design Intern,Kochi,hybrid,College projects or mini-projects in related areas is a plus.,₹5963 /month,Access to internal learning resources and workshops.
FinTrack Analytics,Cybersecurity,"Kali Linux, Python, Networking, OWASP Top 10",Yes,6 months,Cybersecurity Intern,Delhi,remote,Strong fundamentals in Cybersecurity and willingness to learn.,₹7909 /month,Team outings and hackathon-style sprints.
BlueSky Digital,Cloud Computing,"Docker, Kubernetes, CI/CD, Linux",Yes,3 months,Cloud Intern,Noida,remote,"Comfortable with Docker, Kubernetes, CI/CD, Linux and basic problem solving.",₹7213 /month,1:1 mentorship from industry professionals.
DataForge Labs,Data Science,"Python, SQL, NumPy, Scikit-Learn",Yes,4–6 months,Data Science Intern,Bengaluru,onsite,Basic understanding of industry tools used in Data Science.,₹4642 /month,Team outings and hackathon-style sprints.
DataForge Labs,Machine Learning,"TensorFlow, PyTorch, Scikit-Learn, MLflow",Yes,2 months,AI Intern,Mumbai,hybrid,Strong fundamentals in Machine Learning and willingness to learn.,₹3846 /month,Team outings and hackathon-style sprints.
CyberMatrix Security,UI/UX,"Prototyping, User Research, Figma, Wireframing",Yes,2 months,UI/UX Design Intern,Noida,hybrid,Good communication skills and ability to work in a team.,₹6110 /month,Flexible working hours and remote-friendly culture.
CyberMatrix Security,Machine Learning,"PyTorch, TensorFlow, Scikit-Learn, MLflow",Yes,2 months,ML Engineer Intern,Mumbai,hybrid,"Comfortable with PyTorch, TensorFlow, Scikit-Learn, MLflow and basic problem solving.",₹5827 /month,Certificate and Letter of Recommendation.
MarketPulse Insights,Cloud Computing,"AWS, Linux, Docker, Kubernetes",Yes,3 months,Cloud Intern,Noida,remote,Basic understanding of industry tools used in Cloud Computing.,₹6147 /month,Access to internal learning resources and workshops.
CloudNova Tech,Cybersecurity,"Kali Linux, OWASP Top 10, Networking, Python",No,2 months,Cybersecurity Intern,Delhi,hybrid,"Comfortable with Kali Linux, OWASP Top 10, Networking, Python and basic problem solving.",₹0 /month,Flexible working hours and remote-friendly culture.
BrightPath Solutions,Cybersecurity,"Kali Linux, OWASP Top 10, Networking, Python",No,3 months,Security Analyst Intern,Chennai,hybrid,College projects or mini-projects in related areas is a plus.,₹0 /month,1:1 mentorship from industry professionals.
AI Nexus Research,Web Development,"CSS, React, REST APIs, HTML",Yes,2 months,Full-Stack Web Intern,Noida,onsite,Good communication skills and ability to work in a team.,₹21625 /month,1:1 mentorship from industry professionals.
BlueSky Digital,DevOps,"GitHub Actions, Docker, Kubernetes, Linux",Yes,3 months,DevOps Intern,Remote,remote,College projects or mini-projects in related areas is a plus.,₹6084 /month,Opportunity to work on live client projects.
CloudNova Tech,Data Science,"Pandas, Power BI, NumPy, Scikit-Learn",No,3 months,Data Science Intern,Mumbai,hybrid,Basic understanding of industry tools used in Data Science.,₹0 /month,Flexible working hours and remote-friendly culture.
AI Nexus Research,DevOps,"CI/CD, Docker, Kubernetes, GitHub Actions",No,6 months,DevOps Intern,Pune,remote,Strong fundamentals in DevOps and willingness to learn.,₹0 /month,Flexible working hours and remote-friendly culture.
OrbitSoft,Cybersecurity,"Kali Linux, OWASP Top 10, Python, Networking",Yes,4–6 months,Cybersecurity Intern,Delhi,onsite,"Comfortable with Kali Linux, OWASP Top 10, Python, Networking and basic problem solving.",₹14610 /month,Access to internal learning resources and workshops.
SecureGate Cyber,Cybersecurity,"OWASP Top 10, Python, Networking, Kali Linux",No,3 months,Security Analyst Intern,Coimbatore,remote,Strong fundamentals in Cybersecurity and willingness to learn.,₹0 /month,Flexible working hours and remote-friendly culture.
FinTrack Analytics,AI & Robotics,"Python, OpenCV, Embedded Systems, ROS",Yes,6 months,Robotics Intern,Coimbatore,onsite,College projects or mini-projects in related areas is a plus.,₹6165 /month,Certificate and Letter of Recommendation.
MarketPulse Insights,Mobile Development,"REST APIs, Firebase, Dart, Android",Yes,4–6 months,Mobile App Intern,Coimbatore,remote,Good communication skills and ability to work in a team.,₹7776 /month,1:1 mentorship from industry professionals.
GreenStack Innovations,Machine Learning,"Scikit-Learn, TensorFlow, MLflow, PyTorch",Yes,3 months,ML Engineer Intern,Pune,remote,College projects or mini-projects in related areas is a plus.,₹14455 /month,Certificate and Letter of Recommendation.
FinTrack Analytics,Machine Learning,"Scikit-Learn, TensorFlow, Python, MLflow",No,3 months,AI Intern,Remote,remote,"Comfortable with Scikit-Learn, TensorFlow, Python, MLflow and basic problem solving.",₹0 /month,Chance for Pre-Placement Offer (PPO) based on performance.
DataForge Labs,Machine Learning,"Scikit-Learn, PyTorch, MLflow, Python",Yes,6 months,AI Intern,Pune,onsite,Basic understanding of industry tools used in Machine Learning.,₹13425 /month,Certificate and Letter of Recommendation.
NeuroGrid AI,Cybersecurity,"Python, Networking, OWASP Top 10, Burp Suite",No,2 months,Cybersecurity Intern,Hyderabad,remote,Strong fundamentals in Cybersecurity and willingness to learn.,₹0 /month,Opportunity to work on live client projects.
OrbitSoft,UI/UX,"User Research, Wireframing, Figma, Prototyping",Yes,4–6 months,UI/UX Design Intern,Noida,remote,Basic understanding of industry tools used in UI/UX.,₹3577 /month,Access to internal learning resources and workshops.
OrbitSoft,Cybersecurity,"Kali Linux, Networking, Burp Suite, Python",Yes,2 months,Security Analyst Intern,Delhi,onsite,College projects or mini-projects in related areas is a plus.,₹5629 /month,Certificate and Letter of Recommendation.
NeuroGrid AI,Business Analytics,"Excel, SQL, Power BI, Tableau",Yes,3 months,Business Analyst Intern,Delhi,remote,Strong fundamentals in Business Analytics and willingness to learn.,₹3528 /month,Team outings and hackathon-style sprints.
GreenStack Innovations,Business Analytics,"Storytelling, Power BI, Excel, SQL",No,2 months,Business Analyst Intern,Kochi,onsite,College projects or mini-projects in related areas is a plus.,₹0 /month,Access to internal learning resources and workshops.
OrbitSoft,Machine Learning,"Python, PyTorch, TensorFlow, Scikit-Learn",Yes,2 months,ML Engineer Intern,Chennai,onsite,"Comfortable with Python, PyTorch, TensorFlow, Scikit-Learn and basic problem solving.",₹20584 /month,1:1 mentorship from industry professionals.
SecureGate Cyber,Business Analytics,"Excel, Tableau, SQL, Power BI",No,2 months,Analytics Intern,Bengaluru,remote,Good communication skills and ability to work in a team.,₹0 /month,Team outings and hackathon-style sprints.
SecureGate Cyber,AI & Robotics,"Python, OpenCV, ROS, Embedded Systems",Yes,2 months,AI Research Intern,Chennai,remote,Basic understanding of industry tools used in AI & Robotics.,₹5290 /month,Flexible working hours and remote-friendly culture.
WebWorks Studio,Data Science,"NumPy, Pandas, SQL, Python",Yes,2 months,Data Science Intern,Coimbatore,hybrid,College projects or mini-projects in related areas is a plus.,₹6402 /month,Certificate and Letter of Recommendation.
HealthSync Systems,Mobile Development,"REST APIs, Android, Dart, Flutter",Yes,6 months,Mobile App Intern,Coimbatore,onsite,Strong fundamentals in Mobile Development and willingness to learn.,₹4102 /month,Certificate and Letter of Recommendation.
CloudNova Tech,Mobile Development,"Android, Dart, REST APIs, Flutter",Yes,4–6 months,Mobile App Intern,Hyderabad,hybrid,College projects or mini-projects in related areas is a plus.,₹6103 /month,1:1 mentorship from industry professionals.
BlueSky Digital,Machine Learning,"Scikit-Learn, Python, MLflow, PyTorch",Yes,2 months,AI Intern,Noida,hybrid,Good communication skills and ability to work in a team.,₹5776 /month,Flexible working hours and remote-friendly culture.
GreenStack Innovations,DevOps,"CI/CD, Docker, Linux, Kubernetes",Yes,2 months,SRE Intern,Bengaluru,hybrid,Basic understanding of industry tools used in DevOps.,₹14605 /month,Certificate and Letter of Recommendation.
PixelCraft Studios,DevOps,"Linux, Kubernetes, GitHub Actions, Docker",Yes,3 months,DevOps Intern,Delhi,remote,"Comfortable with Linux, Kubernetes, GitHub Actions, Docker and basic problem solving.",₹10220 /month,Access to internal learning resources and workshops.
NeuroGrid AI,Web Development,"React, CSS, HTML, REST APIs",Yes,3 months,Full-Stack Web Intern,Pune,remote,Good communication skills and ability to work in a team.,₹4615 /month,Flexible working hours and remote-friendly culture.
CloudNova Tech,AI & Robotics,"OpenCV, Python, Embedded Systems, ROS",Yes,6 months,Robotics Intern,Mumbai,onsite,"Comfortable with OpenCV, Python, Embedded Systems, ROS and basic problem solving.",₹14515 /month,Flexible working hours and remote-friendly culture.
AI Nexus Research,Web Development,"CSS, HTML, React, REST APIs",No,6 months,Frontend Web Intern,Delhi,onsite,College projects or mini-projects in related areas is a plus.,₹0 /month,Chance for Pre-Placement Offer (PPO) based on performance.
MarketPulse Insights,Data Science,"Pandas, NumPy, Scikit-Learn, Power BI",Yes,2 months,Data Analyst Intern,Remote,remote,Basic understanding of industry tools used in Data Science.,₹12427 /month,Team outings and hackathon-style sprints.
CyberMatrix Security,Cybersecurity,"Burp Suite, Networking, Python, Kali Linux",Yes,6 months,Security Analyst Intern,Pune,hybrid,Basic understanding of industry tools used in Cybersecurity.,₹5855 /month,Certificate and Letter of Recommendation.
MarketPulse Insights,Machine Learning,"TensorFlow, PyTorch, MLflow, Scikit-Learn",Yes,4–6 months,AI Intern,Remote,hybrid,College projects or mini-projects in related areas is a plus.,₹13149 /month,Access to internal learning resources and workshops.
HealthSync Systems,Business Analytics,"Power BI, Excel, SQL, Storytelling",Yes,3 months,Analytics Intern,Bengaluru,onsite,Good communication skills and ability to work in a team.,₹5123 /month,Chance for Pre-Placement Offer (PPO) based on performance.
WebWorks Studio,UI/UX,"Figma, Wireframing, User Research, Prototyping",Yes,2 months,UI/UX Design Intern,Pune,remote,Strong fundamentals in UI/UX and willingness to learn.,₹3178 /month,Flexible working hours and remote-friendly culture.
CyberMatrix Security,Business Analytics,"Storytelling, Power BI, Tableau, SQL",Yes,6 months,Analytics Intern,Bengaluru,hybrid,Good communication skills and ability to work in a team.,₹13351 /month,Team outings and hackathon-style sprints.
BrightPath Solutions,Business Analytics,"Storytelling, SQL, Excel, Tableau",Yes,6 months,Analytics Intern,Hyderabad,onsite,Good communication skills and ability to work in a team.,₹4409 /month,Team outings and hackathon-style sprints.
FinTrack Analytics,Mobile Development,"Dart, REST APIs, Firebase, Android",Yes,4–6 months,Mobile App Intern,Mumbai,hybrid,Good communication skills and ability to work in a team.,₹5472 /month,Certificate and Letter of Recommendation.
AI Nexus Research,AI & Robotics,"Python, OpenCV, ROS, Embedded Systems",Yes,3 months,AI Research Intern,Chennai,hybrid,Strong fundamentals in AI & Robotics and willingness to learn.,₹4701 /month,Chance for Pre-Placement Offer (PPO) based on performance.
OrbitSoft,Business Analytics,"Power BI, Tableau, Storytelling, SQL",Yes,2 months,Analytics Intern,Bengaluru,onsite,Good communication skills and ability to work in a team.,₹4325 /month,Team outings and hackathon-style sprints.
BlueSky Digital,AI & Robotics,"Embedded Systems, Python, ROS, OpenCV",Yes,4–6 months,Robotics Intern,Pune,hybrid,College projects or mini-projects in related areas is a plus.,₹19314 /month,Flexible working hours and remote-friendly culture.
FinTrack Analytics,Cloud Computing,"CI/CD, Kubernetes, Linux, Docker",No,2 months,Cloud Intern,Remote,remote,Good communication skills and ability to work in a team.,₹0 /month,Access to internal learning resources and workshops.
MarketPulse Insights,Cloud Computing,"Kubernetes, Docker, Linux, CI/CD",Yes,2 months,Cloud Intern,Mumbai,hybrid,Good communication skills and ability to work in a team.,₹5884 /month,Access to internal learning resources and workshops.
AI Nexus Research,Mobile Development,"Firebase, Android, Dart, REST APIs",Yes,3 months,Flutter Developer Intern,Pune,remote,Good communication skills and ability to work in a team.,₹3206 /month,Opportunity to work on live client projects.
WebWorks Studio,Cybersecurity,"Networking, Burp Suite, Python, Kali Linux",Yes,6 months,Security Analyst Intern,Noida,onsite,Good communication skills and ability to work in a team.,₹14420 /month,Flexible working hours and remote-friendly culture.
BlueSky Digital,DevOps,"Linux, GitHub Actions, CI/CD, Docker",Yes,2 months,SRE Intern,Delhi,remote,Basic understanding of industry tools used in DevOps.,₹9555 /month,Flexible working hours and remote-friendly culture.
SecureGate Cyber,Cloud Computing,"CI/CD, Kubernetes, AWS, Docker",Yes,4–6 months,Cloud Intern,Hyderabad,remote,"Comfortable with CI/CD, Kubernetes, AWS, Docker and basic problem solving.",₹3484 /month,Chance for Pre-Placement Offer (PPO) based on performance.
MarketPulse Insights,Cybersecurity,"Python, Burp Suite, Networking, Kali Linux",Yes,3 months,Security Analyst Intern,Delhi,remote,Strong fundamentals in Cybersecurity and willingness to learn.,₹17143 /month,1:1 mentorship from industry professionals.
DataForge Labs,DevOps,"Docker, CI/CD, GitHub Actions, Linux",Yes,2 months,DevOps Intern,Coimbatore,onsite,Good communication skills and ability to work in a team.,₹7889 /month,Flexible working hours and remote-friendly culture.
CyberMatrix Security,UI/UX,"Figma, Wireframing, User Research, Prototyping",Yes,2 months,UI/UX Design Intern,Remote,remote,"Comfortable with Figma, Wireframing, User Research, Prototyping and basic problem solving.",₹6033 /month,Access to internal learning resources and workshops.
PixelCraft Studios,Cloud Computing,"Linux, AWS, Kubernetes, CI/CD",Yes,3 months,Cloud Intern,Mumbai,hybrid,Strong fundamentals in Cloud Computing and willingness to learn.,₹18492 /month,Access to internal learning resources and workshops.
CloudNova Tech,Data Science,"Pandas, SQL, Python, Scikit-Learn",Yes,4–6 months,Data Science Intern,Chennai,remote,Good communication skills and ability to work in a team.,₹4419 /month,Team outings and hackathon-style sprints.
DataForge Labs,Cybersecurity,"Python, Burp Suite, Networking, Kali Linux",Yes,3 months,Security Analyst Intern,Coimbatore,hybrid,Strong fundamentals in Cybersecurity and willingness to learn.,₹7246 /month,Team outings and hackathon-style sprints.
BlueSky Digital,Mobile Development,"Flutter, REST APIs, Dart, Firebase",Yes,3 months,Mobile App Intern,Kochi,onsite,"Comfortable with Flutter, REST APIs, Dart, Firebase and basic problem solving.",₹23730 /month,Certificate and Letter of Recommendation.
NeuroGrid AI,AI & Robotics,"Embedded Systems, OpenCV, Python, ROS",Yes,2 months,AI Research Intern,Noida,onsite,College projects or mini-projects in related areas is a plus.,₹5367 /month,Opportunity to work on live client projects.
